date,Actual,Predicted
2010-10-01,0.11961181359498069,0.14448259066880098
2011-01-07,0.0002210775496956358,-0.010492294610997988
2010-09-03,0.07735499436936823,0.07034989089598298
2010-12-03,0.024016411283169937,0.009937030106087263
2010-02-05,0.1732807042588435,0.11764168863356872
2010-12-03,0.14701616785625046,0.15086357606540446
2010-07-02,0.07501525696842275,0.10231138253523397
2010-08-06,0.4752955905498811,0.4455156860807534
2010-04-02,0.04535039482879879,0.06484003000076655
2011-01-07,0.16091787854949768,0.2104121297922461
2010-09-03,0.09120797940958603,0.13596959017353072
2010-02-05,0.09222648649987325,0.07775933057747864
2010-07-02,0.11508052920891484,0.1209791482483098
2010-04-02,0.023879596897907474,0.03629895300100827
2010-03-05,0.04244034580716762,0.04872067328881258
2011-01-07,0.04174600525149785,0.03600822121030944
2010-09-03,0.07538512897096454,0.13385023233236382
2010-04-02,0.1495989294853222,0.12237077353526615
2010-10-01,0.08918284462375842,0.09425603684114492
2010-09-03,0.06350311673035565,0.06441138097196131
2010-12-03,0.10363422900613962,0.09596975529491658
2010-08-06,0.18234095755572793,0.18405919980041574
2010-03-05,0.23626706731771116,0.2589339201910974
2010-04-02,0.11632645623761849,0.11987739389815033
2010-07-02,0.3180804589392747,0.28409680342247157
2010-04-02,0.5660938315135375,0.32263665330584956
2010-06-04,0.05428118285750988,0.055468176275979886
2010-03-05,0.0547061229018019,0.05509426232210046
2010-11-05,0.036363028665784905,0.0237003362214665
2010-06-04,0.047492410778194986,0.06199106259175835
2011-01-07,0.035243848738659954,0.018691024136003875
2010-08-06,0.009302069450968602,0.02215615195567011
2010-08-06,0.04406450068387058,0.028205740823096903
2010-11-05,0.12647125800575565,0.13289360102251635
2010-06-04,0.13762691572858038,0.13806515979818812
2010-10-01,0.4107303753908874,0.5238429679262708
2010-05-07,0.16877408471780295,0.17625140933111538
2010-10-01,0.12119358520737497,0.28274499088631444
2010-10-01,0.14982836288047535,0.138796009611994
2010-07-02,0.0663666549013678,0.0636824001571199
2010-02-05,0.0232386129457617,0.0343408246322241
2010-02-05,0.24324651374999673,0.3711580289620855
2010-04-02,0.00012080740420526546,0.012305963093695027
2010-06-04,0.21495241295675518,0.23562696982939713
2010-05-07,0.0013735801858138683,0.1501649766732811
2010-10-01,0.03050819849381355,0.030564346728468195
2010-11-05,0.1054719109697754,0.09511749897009736
2010-07-02,0.01817144704920868,0.03639231644019958
2010-07-02,0.06825870019689592,0.07972740763514707
2010-07-02,0.42964176779085334,0.44455568784735533
2010-11-05,0.04867813545046966,0.22444773422154185
2010-10-01,0.0430599871179038,0.04575319544208867
2010-04-02,0.11191507320022638,0.09963134876666402
2010-05-07,0.1374914100901968,0.1359972481377696
2010-03-05,0.011993255725314567,0.02273197654581338
2010-02-05,0.25092201217617827,0.23772029666901062
2010-12-03,0.673144493910602,0.298980231402183
2010-09-03,0.09985285658167797,0.0964089579923808
2011-01-07,0.13088475517272136,0.16381843477037705
2010-07-02,0.23668012796725635,0.22748250013796678
2010-07-02,0.049047604761664094,0.04830598222338267
2010-07-02,0.004137653594030342,0.021822448838250352
2010-05-07,0.14978910047410865,0.12921758198589828
2010-09-03,0.20973896942827694,0.22004970954188252
2010-08-06,0.0838410432283121,0.06300503146927383
2010-06-04,0.15600454074763273,0.1737880683357389
2010-07-02,0.2657091404694133,0.2330422450863523
2010-05-07,0.18376859905492368,0.19656630136707065
2010-04-02,0.5877474513161262,0.3994318407011974
2010-07-02,0.031796710132499545,0.05479690708747853
2010-12-03,0.39782381568978104,0.4178946569642079
2010-03-05,0.09181211710344919,0.09783821323368613
2010-09-03,0.010051176029878086,0.032872912141655775
2010-12-03,0.045091363619615334,0.040516464085456505
2010-11-05,0.07193708430927259,0.04451162972138434
2010-04-02,0.32791911461058837,0.3021706221013858
2010-04-02,0.47769764443682905,0.4852257313822719
2010-06-04,0.19662331224505858,0.22551228596897488
2010-12-03,0.0342858460233122,0.02878145227751361
2010-11-05,0.08182929792978391,0.07006175805945247
2010-03-05,0.030936058050373864,0.03535645761077433
2010-04-02,0.025026361182325953,0.04186051830095039
2011-01-14,0.00045302776576974546,-0.014940803163526084
2010-11-05,0.04676001589020056,0.045211389573523775
2010-05-07,0.05170556899985362,0.04581421528811802
2010-10-01,0.008073961514385242,0.005012844811744799
2010-07-02,0.07753248058071313,0.06462404745481365
2010-12-03,0.0033664996638533974,-0.0024818599653855244
2010-11-05,0.17392420503191025,0.2062148205530292
2010-08-06,0.41055802349422127,0.38945175123605225
2010-11-05,0.024554104904720205,0.010965612162607385
2010-03-05,0.30159034893809283,0.30393191933464436
2010-12-03,0.166507838487749,0.18048795578869203
2010-12-03,0.9279162353674548,0.9686937006202356
2010-04-02,0.19956084495114645,0.200532102378304
2010-02-05,0.06871092257997097,0.08098267768781398
2010-10-01,0.12981430089862586,0.09525197526386364
2010-05-07,0.0002889310417242599,0.013210254727738402
2010-07-02,0.12774376266338444,0.15771789176739048
2010-07-02,0.01915260451702911,0.0269674795986532
2010-12-03,0.09372188081826074,0.11087441897025485
2010-12-03,0.049852383419344844,0.062376264699665285
2010-05-07,0.11798937015650397,0.11150598863640937
2010-08-06,0.33918047881209273,0.4039664277105004
2010-04-02,0.219889408875277,0.2583534048103928
2010-11-05,0.0806392443255252,0.05696211660847439
2010-09-03,0.28611955140989287,0.2626452297307509
2010-05-07,0.0056517730600696686,0.02255397072687515
2011-01-07,0.060673907996705176,0.03087961140990103
2010-08-06,0.206605426708866,0.19914340516004359
2010-09-03,2.2752061125324994e-05,0.030247657850722476
2010-12-03,0.052141281037687275,0.04449783078520397
2011-01-07,0.025430562622229404,0.04796795079379024
2011-01-07,0.06792507041561571,0.08187772524519232
2010-05-07,0.11523264586537665,0.11618255517477394
2010-06-04,0.3038934414264294,0.3061360617785738
2010-10-01,0.1941935733279802,0.1739484554220212
2010-07-02,0.026922433391327598,0.04563531611027827
2010-11-05,0.05754882179558863,0.07517897726187073
2010-09-03,0.4525762480965283,0.4097371600541493
2010-10-01,0.0894014053525331,0.08905445479706486
2010-07-02,0.13442119058515684,0.14911862591621627
2011-01-07,0.8353864216101895,0.7876680740248929
2010-08-06,0.10328932386713359,0.13808761283659976
2010-06-04,0.038748672880328384,0.05501003952092276
2010-05-07,0.15202131928531146,0.11723078282506094
2011-01-07,0.29523819495214315,0.19827409291411868
2010-10-01,0.007354251403832373,0.020641274898068218
2010-08-06,0.45680642002761246,0.4910709434723941
2010-06-04,0.11954899374479394,0.0404879421158455
2010-07-02,0.09475075721074226,0.10479524157550202
2010-08-06,0.30294047235292354,0.2989881145515767
2010-07-02,0.7203010601051064,0.7885108274000743
2010-08-06,0.6120015511670699,0.5932359241975433
2010-02-05,0.21594373838109618,0.2447906093724299
2010-11-05,0.7914535003240658,0.8144213468994508
2010-06-04,0.7023505899327565,0.2927255203842236
2010-08-06,0.19354171670945597,0.290768401090844
2010-09-03,0.052645953968754766,0.06376333804487899
2010-11-05,0.14720190924021603,0.1417627689752976
2010-09-03,0.13897512635951115,0.14695585325449656
2010-02-05,0.21518245038892936,0.22529550435226042
2010-08-06,0.1744210254817044,0.15952067828419558
2010-04-02,0.40073456942127006,0.4287593047889402
2011-01-07,0.19448330975239916,0.16140300564005372
2010-09-03,0.5679651382046771,0.4595851516986613
2010-10-01,0.30512024061613385,0.3262360271663596
2010-07-02,0.26722134715155266,0.22734657198358832
2010-03-05,0.5745403831970592,0.5288330430478965
2010-11-05,0.39370770608283395,0.49395888554826684
2010-07-02,0.20874522785585176,0.20217240710081796
2010-08-06,0.006452625477113742,0.019568095673179187
2010-09-03,0.03239943840664698,0.04046021976492398
2010-11-05,0.1948490541686306,0.1678571062423515
2011-01-07,0.2281247489471131,0.20523275486972636
2010-11-05,0.07298448450373224,0.06755956457631385
2011-01-07,0.05218920130802203,0.06240199641918309
2010-10-01,0.001167804907317566,0.0025042084916861995
2010-11-05,0.32763803605013747,0.32499446144565525
2010-06-04,0.20767900184090346,0.23013363591637415
2010-03-05,0.20589568320916007,0.1921327927499874
2010-12-03,0.2158922945614721,0.22238055060820727
2010-06-04,0.260555899297364,0.1942120678010184
2010-04-02,0.01799526958474267,0.03366792114692885
2010-10-01,0.5087297443735461,0.5192201173386621
2010-03-05,0.24661935580257088,0.30999782813385934
2010-06-04,0.6950240235590546,0.6258911182224836
2010-03-05,0.4092654849420617,0.4006960919525113
2010-04-02,0.30042606758006457,0.2687981119740357
2010-02-05,0.04126871533205022,0.06038848461869861
2010-05-07,0.6335162424548225,0.6522862749572766
2010-07-02,0.043522981494520475,0.05797846620012592
2010-03-05,0.1190708984426516,0.10042139760612656
2010-04-02,6.040370210263273e-05,0.01647476143071458
2010-11-05,0.09722076526255576,0.10314643437190796
2010-02-05,0.6655170164275922,0.6615326449354768
2011-01-07,0.16639498423765392,0.22393146989767843
2010-12-03,0.044337223398863965,0.037051616048657365
2010-11-05,0.95966532724813,0.9539411740311721
2010-12-03,0.14710848484763064,0.16128057700683485
2010-07-02,0.04152573308449692,0.046256389177699475
2010-08-06,0.2597155831282795,0.23701229392331413
2010-12-24,0.0008959882478557188,-0.0011716555060843348
2010-10-01,0.02375768209249699,0.030804804224032978
2010-08-06,0.8669353758912314,0.7774657844746855
2010-03-05,0.4872361943815295,0.4809530858138942
2011-01-07,0.1596992338595771,0.4167741493725714
2011-01-07,0.07109717083153548,0.07308217377033088
2010-03-05,0.10725835045946075,0.07219600619285416
2010-08-06,0.3727735950451246,0.420562388056851
2010-04-02,0.012493499051561203,0.03632070178028357
2010-03-05,0.19900120465116558,0.1687410172013415
2010-05-07,0.01410657991621201,0.03235589642687842
2010-09-03,0.032634106789315706,0.043670299449402705
2010-05-07,0.0544776962350171,0.06837897913077029
2010-07-02,0.2749411416259428,0.35841538926069916
2010-10-01,0.05549549861544647,0.054698349781546085
2010-03-05,0.20932540541454756,0.23404672520092618
2010-09-03,0.08641907323405246,0.07352319390327011
2010-07-02,0.00021141295735921454,0.014548238892871268
2010-03-05,0.20290137102309572,0.16227302979646652
2010-03-05,0.1657989003707378,0.19118575302194074
2010-09-03,0.07165499902045329,0.052672333375937797
2010-11-05,0.029302641272681836,0.02465925007027181
2010-10-01,0.041975337973814184,0.04526051425420974
2010-07-02,0.0011879394746851103,0.007984042117399781
2010-02-05,0.545619493321666,0.5478532231576025
2010-12-03,0.052038292725602286,0.07063843790966473
2010-02-05,0.6005831373400987,0.5640744739409911
2010-11-05,0.08027450663766214,0.08417920969287707
2010-02-05,0.0,0.012974732877609085
2010-05-07,0.06108324375128735,0.07845357462989
2011-01-07,0.34893074373266286,0.3958318247182149
2011-11-25,0.008003490528598837,-0.028709938359114062
2010-12-03,0.08391020546721961,0.08139235958769575
2010-06-04,0.8385455352301571,0.8919954998750654
2010-10-01,0.008446148992174296,0.005468669329772524
2010-08-06,0.16084489074279035,0.1519229918075382
2010-02-05,0.07198218574017588,0.08138993315637322
2010-04-02,0.11489992213962799,0.12261826079524951
2010-09-03,0.197500273326752,0.2073508610095729
2010-07-02,0.04993110957775194,0.059723362954855475
2010-10-01,0.3209570845790758,0.383918958419855
2010-11-05,0.08159362281874681,0.08210983829285112
2011-01-07,0.04262125489496501,0.033225994564730854
2010-04-02,0.5543470228928017,0.49823011103771364
2010-09-10,0.001892649332549159,0.12880860357563506
2011-01-07,0.07547442577723959,0.05682713691808772
2010-04-02,0.3352587684530793,0.2195113274956384
2010-12-03,0.026607830776209717,0.035849022082800275
2010-09-03,0.021393682537873625,0.0513342927732765
2010-05-07,0.17746708350590332,0.20793229737155627
2010-07-02,0.49798976479402435,0.41426366523283775
2010-05-07,0.3825135913363372,0.41789601479057126
2010-05-07,0.22411494985586666,0.05507967066567687
2010-03-05,0.12882831113463722,0.1793353887560869
2010-07-02,0.15135275097587214,0.216801131952451
2010-12-03,0.8161125063247708,0.7907502378981235
2010-11-05,0.3620738846003379,0.3689161886769199
2010-07-02,0.00048322961682106184,0.008056618682346084
2010-11-05,0.3446925179746316,0.22921620603460724
2010-08-06,0.05983037029684191,0.06106029248809364
2010-09-10,0.0001456735949041826,-0.0013528549842902748
2010-03-05,0.37644996570076444,0.41047611954913066
2010-02-05,0.018839109303116445,0.021300742384980254
2010-06-04,0.1198637977055855,0.1374389055990548
2011-01-07,0.13074381320114856,0.2021974110308662
2010-10-01,0.02462457589050661,0.0297508475032231
2010-11-05,0.0940887326356974,0.100546119696304
2010-06-04,0.099605302075894,0.07739912157458662
2010-02-05,0.08495770633451609,0.09503949418528634
2010-10-01,0.12417068233834005,0.165470464667834
2011-03-04,0.0038255677998334063,-0.008632323085578264
2010-12-03,0.3601168046522126,0.4834737398459765
2010-12-03,0.11222947446967059,0.10638060631518442
2010-03-05,0.05029121631512047,0.05161541526982205
2010-09-03,0.0946828030458768,0.08952633212062722
2010-06-04,0.11824558252625597,0.19854057407822268
2010-06-04,0.033487913118536425,0.05358004794395299
2010-03-05,0.2610933915732406,0.29069827328901
2010-09-03,0.006327589813761292,0.033789204557976404
2010-10-01,0.3359085109420299,0.4063464830231709
2010-06-04,0.2431094980190606,0.24540186728282265
2010-02-12,0.00013651236675194997,0.01286549770524914
2010-04-02,0.025862851783610582,0.035644989463918364
2010-03-05,0.8953151492686218,0.8403782969430011
2011-01-07,0.07889881232227468,0.0734459740353941
2010-10-01,0.47100179338591536,0.5079479272517204
2010-12-03,0.1508221044529005,0.1477538183615934
2010-08-06,0.6547334455097196,0.6814438402256684
2010-06-04,0.06526952232551031,0.07291834572806977
2010-09-03,0.3990609841816798,0.287489275720219
2011-01-07,0.22250347975660528,0.3283653674214406
2010-10-01,0.0900397718109211,0.3041032741561338
2010-02-05,0.0003179248187335236,0.007768826952499808
2010-11-05,0.030702396396073514,0.02958381416028999
2010-05-07,0.05662464515341835,0.06975403249090562
2010-10-01,0.15525785031680733,0.17763921758340473
2010-09-03,0.007325962336680973,0.013674113328335125
2010-05-07,0.0633059993158274,0.06560335138925666
2010-10-01,0.04460481179917863,0.04173331248644274
2010-05-07,0.07220970635142913,0.07556338333631629
2010-12-03,0.030956897327599275,0.037847305034901524
2010-02-05,0.12028219401548307,0.07871970729860323
2010-07-02,0.47304212977010546,0.48888239369213693
2010-06-04,0.057740905568275006,0.035894228516710314
2010-02-05,0.009922314798725804,0.01744166240550271
2011-02-18,0.00010540446016909412,-0.02181473183921412
2010-08-06,0.10532724410323958,0.09786862039842958
2010-10-01,0.0008456518294368582,-0.0005224719447767256
2010-05-07,0.10461206427034442,0.10867988876182721
2010-06-04,0.48747690313440845,0.2795188489240985
2010-10-01,0.017550396318756777,0.01566360526581434
2010-12-03,0.09520297959381731,0.11101051731246514
2010-02-05,0.30567927687909374,0.3221850655672114
2010-07-02,0.011255223158457232,0.019246213197973816
2010-08-06,0.21689147246708648,0.2272892007776477
2010-07-02,0.5727530376518423,0.5100646187358535
2010-11-05,0.4307690015449253,0.35614656412411705
2010-08-06,0.02613587651711448,0.02843481096965661
2010-02-05,0.0012080740420526547,0.019398099525488988
2010-11-05,0.04938747625882824,0.06108952856227745
2010-11-05,0.7895447433376225,0.8941104668173381
2010-06-04,0.0359325516154668,0.04638755686946183
2010-04-02,0.19542429875832135,0.12730185269296612
2010-04-02,0.6078390313823407,0.6240670600073912
2010-12-03,0.08123079791478366,0.07122793713740805
2010-10-01,0.015938523528148025,0.01570902734209767
2010-07-02,0.8606325515953321,0.6819676717335028
2010-08-06,0.19943530592360986,0.19331101378573123
2010-06-04,0.0101601040393365,0.0237448859302134
2010-12-03,0.4017026394203016,0.26939098747686785
2010-08-06,0.10248434386377918,0.07834161254547212
2010-04-02,0.08769570547799159,0.10118165494721154
2010-07-02,0.06032819747500444,0.03380659044215406
2010-06-04,0.008406181875949721,0.024368402257678667
2010-09-03,0.23161920378658724,0.2860030916338445
2011-01-07,0.33108124841566117,0.2714091940549821
2010-02-05,0.37040365579312773,0.27980450773667087
2010-10-01,0.07717489066426554,0.09354906269255991
2011-01-07,0.07927532873204776,0.06757821632697869
2010-08-06,0.27217314197708964,0.2629732296960725
2011-01-07,0.019714258273746756,0.017847567485119953
2010-11-05,0.03663242917716265,0.047124592119558883
2010-06-04,0.10207863233132315,0.1184460570082706
2010-07-02,0.3489640664416561,0.28311736011559674
2010-08-06,0.218937144511629,0.22091488042951823
2010-04-02,0.24944514165976886,0.2484818678600078
2011-01-07,0.623897154240652,0.6997498453636695
2010-04-02,0.00429369649112881,0.01681215655231938
2010-08-06,0.08247793301752934,0.07245155391562719
2010-03-05,0.13566731895953413,0.17213589611846203
2010-04-02,0.1289408633662218,0.14352404707383926
2010-08-06,0.002126210314012672,0.005826184074408047
2010-11-05,0.41694350018916426,0.3467874120291441
2010-05-07,0.11160429615290834,0.05291997751363908
2010-09-03,0.11510579809096111,0.14898462892159614
2010-12-03,0.04588637701212282,0.057305733954393645
2010-05-07,0.09316103244423782,0.08473001758638077
2010-08-06,0.393613375634717,0.3778389470748351
2010-03-05,0.6612469780531202,0.6025961128561192
2010-04-02,0.032487124447532635,0.04629213721514702
2010-10-01,0.3289669174963954,0.4342520994772343
2010-11-05,0.0899959791268967,0.1124608429985301
2010-03-05,0.14996185506212217,0.18200447975658562
2010-09-03,0.2871149037477074,0.2480548150333135
2011-01-07,0.08333304809362896,0.07145739949746144
2010-11-05,0.0006426953903720123,0.0010921542770461201
2010-05-07,0.051647279427324576,0.05527676859468045
2010-03-05,0.0073468016139063815,0.1464830617811117
2010-06-04,0.040895521125892786,0.05969202322606293
2010-11-05,0.806540734343914,0.8066182506937025
2010-03-05,0.0034228764524825215,0.008342619674479579
2010-12-03,5.50680417502335e-05,-0.002471364146202859
2010-05-07,0.08508868169524197,0.0670295156593852
2010-08-06,0.05358945979559789,0.06508294741661302
2010-07-02,0.19029521906711314,0.19862320279329992
2010-10-01,0.7702451564788104,0.8078403936745815
2010-07-02,0.5673986521517912,0.5866234932725263
2010-10-01,0.9116287797868272,0.8205959575977033
2010-05-07,0.18009041628822067,0.17281515811680492
2010-07-02,0.11321133664734888,0.10587242980888334
2011-01-07,0.24810196467068002,0.2466911871633215
2010-07-02,0.0003448044661691952,0.014860159980585763
2010-11-05,0.23222897915931331,0.2349975872672161
2010-03-05,0.002003087434560139,0.010348591861387035
2011-01-07,0.11235904041068073,0.12459029246087994
2010-04-02,0.3020156916737322,0.3361318380959517
2010-11-05,0.013537073678221021,0.01429697312744338
2010-02-05,0.2209428494399469,0.2419018373848445
2010-08-06,0.5192308273112519,0.5353086099900537
2011-01-07,0.010554741559740368,-0.012199044582374086
2010-07-02,0.11705734103306034,0.11852554471484211
2010-02-05,0.044469406833631896,0.07456784536067573
2010-08-06,0.5036836190998922,0.47805176275119265
2010-03-05,0.012363933110551057,0.1394299418861067
2010-02-05,0.25994421114073796,0.39898025296255923
2010-09-03,0.09621927188169412,0.09376030585556805
2010-07-02,0.14969869626662838,0.16679566454857309
2010-03-05,0.01146512602326388,0.029220568502481115
2010-10-01,0.02318475297805352,0.0299858502999939
2010-08-06,0.27131188585794297,0.20289177784822243
2011-01-07,0.10683693396445806,0.13597710700788923
2010-08-06,0.15568792467577808,0.0872208103165093
2010-04-02,0.428396243453497,0.40498351690420975
2010-02-05,0.026799109166201387,0.036981604241717037
2010-11-05,0.038819445884625305,0.03597168789463012
2010-12-10,0.00010540446016909412,0.0018195527401445588
2011-01-07,0.032753907465152596,0.010549171298805504
2010-08-06,0.005525730668348842,0.010396912222319088
2011-01-07,0.15684334682416462,0.12988882587409023
2010-05-07,0.6071370396910712,0.6266278869829591
2010-09-03,0.03509334284758756,0.040008281809008395
2010-04-02,0.7698316931379179,0.7908094876971035
2011-01-07,0.22588689245704743,0.37177953709463907
2010-07-02,0.7956436044660886,0.7948039951571815
2010-05-07,0.0782431301359506,0.07901413393095424
2010-04-02,0.05361835289977032,0.06527912700440197
2010-12-03,0.04040232489822479,0.03490340415743276
2010-02-05,0.1371564715620377,0.08701089686941543
2010-10-29,0.00010540446016909412,-0.0034699380463223406
2010-03-05,0.005805198463410356,0.14713953617406617
2010-05-07,0.18409649048450413,0.1679059634749791
2010-03-05,0.03234437036489675,0.03592418622766047
2010-09-03,0.41906004591084045,0.4442098681037123
2010-04-02,0.21898244728820598,0.06153267417334973
2010-05-07,0.024834076063965906,0.03641082542750951
2010-05-07,0.000733401616362799,0.014575873225865621
2010-11-05,0.14185155065363853,0.1919690334942885
2010-02-05,0.19457341194136893,0.181481194863224
2010-03-05,0.1085800841343032,0.08511584793927796
2010-09-03,0.02652598375986065,0.03734472744409345
2010-06-04,0.09526710819088295,0.10513591885964502
2010-05-07,0.9024980555041564,0.8986890011164377
2010-04-02,0.399405788647849,0.3242405863291964
2011-01-07,0.06109854602248669,0.031064142842339493
2010-02-05,0.41090494208996403,0.41342428788077257
2010-05-07,0.13400279427525924,0.14363388488683881
2011-03-04,0.0030201851051316364,-0.012795166745917186
2010-05-07,0.1002556486018657,0.10288793869503365
2010-06-04,0.17080203834306198,0.17204980313577778
2010-06-04,0.03431937007797916,0.03702130280910865
2010-11-05,0.06090263668200048,0.06640863905481353
2010-08-06,0.22853982305339507,0.30163879948631234
2010-04-02,0.04902263789812834,0.050557518375924815
2010-08-06,0.11089012304838154,0.11452331013109074
2010-09-03,0.0386571612716429,0.04048374610202643
2010-06-04,8.698133102779114e-05,0.011364092246523683
2011-01-07,0.40253631118215477,0.373485681342018
2010-02-05,0.5045896746314317,0.5693282361952328
2010-02-05,0.11321838374592752,0.12529385282623196
2010-07-02,0.00827812602749214,0.019992822416227796
2010-11-05,0.24244837949954726,0.223920710357703
2010-03-05,0.3473723282184149,0.41169405614778043
2010-06-04,0.10320133580773742,0.11267814685412247
2010-11-05,0.14077626408337482,0.14105577723138651
2010-05-07,0.06365543473249112,0.08153944031587912
2010-11-05,0.1493582207324432,0.14588007694672456
2010-08-06,0.06559056800218581,0.057354625648969204
2010-06-04,0.09843065141567149,0.11559679295838521
2011-01-07,0.017184853248199013,0.004267569340598243
2010-06-04,0.6945856940274632,0.685570606485939
2010-07-02,0.10207641752891272,0.11497764537996602
2010-05-07,0.04171560205477287,0.05651111777319784
2010-03-05,0.36990542592361786,0.4944913365776529
2010-12-03,0.493128776867315,0.35782536014752964
2010-09-03,0.8973567943996908,0.8156892923374102
2010-03-05,0.015241867497230992,0.017867640828356457
2010-09-03,0.0489275020673167,0.06259368293439138
2011-01-07,0.05402839336421036,0.06684476823484431
2010-08-06,0.7716100788006562,0.8417611519203945
2011-01-07,0.019839092591425533,-0.0008772780994235063
2010-11-05,0.024554104904720205,0.024282777413219492
2010-11-05,0.6431535524524608,0.6142840986541103
2010-09-03,0.024936661684703546,0.02942414972210372
2010-12-03,0.04747992734642711,0.2524620015189214
2010-11-05,0.33362525100255047,0.30803776247149983
2010-12-03,0.048457460592121374,0.0768577732852691
2010-03-05,0.015075656643611915,0.024047202019360725
2010-10-01,0.03573724631200163,0.03347050786710781
2010-04-02,0.00023799058628437295,0.015751866833468853
2010-11-05,0.131190196559687,0.09402983228297046
2010-02-05,0.3174546765854914,0.3106357667561497
2010-08-06,0.0234665362483623,0.02889696448917789
2010-06-04,0.06310173412988365,0.01847043179914465
2011-01-07,0.5464645411140818,0.5996524656879672
2010-09-03,0.705526616589313,0.6774277797170924
2010-04-16,0.00012080740420526546,0.013794688971458413
2010-03-05,0.0330760605430333,0.03431367914338068
2010-10-01,0.0002309434877057325,0.0012263924664779324
2011-01-07,0.0975064747735012,0.09542151926002873
2011-01-07,0.4291777666858683,0.5059780726306826
2010-08-06,0.20399870494462688,0.16737493393021907
2010-07-02,0.051189520038223454,0.05059229550795408
2010-04-02,0.07141227681083755,0.08422388063256392
2010-08-06,0.0919453072665855,0.09917441544148176
2010-11-05,0.32780666305184064,0.3229546367782916
2010-02-05,0.011840434358994907,0.023383892509130533
2011-01-07,0.0007139717588531189,-0.011712439426716514
2011-01-07,0.3948535643117209,0.35202244749827116
2010-09-03,0.003543683856687787,0.00702111883043699
2010-10-01,0.13439451228339483,0.12076693229109026
2010-09-03,0.17737718266260724,0.17464140358612212
2010-07-02,0.0570264304452377,0.06453350853229267
2010-04-02,0.04751506216648347,0.05842371179411998
2010-09-03,0.2495831641190734,0.30631296647079864
2010-05-07,0.688784019113342,0.7256750587326479
2010-07-02,0.06842611912455707,0.06012706281315161
2010-05-07,0.11737355441356763,0.1402963775614694
2010-09-03,0.3494290742750096,0.1754031436075678
2010-07-02,0.4401518106110378,0.3702070991638067
2010-10-01,0.8913294109853795,0.8856790484763906
2010-08-06,0.32389008700750593,0.2880506511786649
2010-02-05,0.2575630972038522,0.275790249456378
2010-10-01,0.71325829045845,0.7114953553961243
2010-07-02,0.5226039713823367,0.46578146509450846
2010-02-05,0.025767212588614745,0.03851873806914341
2010-12-03,0.0006636353404342582,-0.0010537927116018864
2010-03-05,0.04893706598681628,0.0501400305418116
2010-07-02,0.3026257690649688,0.24498130738166424
2010-04-02,0.07723992531686272,0.07742336490507284
2010-09-03,0.07435232633784636,0.05954155610214684
2010-10-01,0.18408370503422572,0.2410170752309284
2010-07-02,0.36858117542785446,0.37205678959014676
2010-12-03,0.18818229756756302,0.1811864275142625
2010-07-02,0.08799309303801023,0.09076977845921874
2010-05-07,0.8735669976722426,0.7648473275564243
2010-05-07,0.7949349683675879,0.7834707742670872
2010-12-03,0.32307081146132055,0.33539606444018943
2010-07-02,0.04985308812920271,0.04668005949787357
2010-05-07,0.015954027145021032,0.030083255987577218
2010-04-02,0.006956493025486536,0.01857213429096305
2010-03-05,0.05488058892804167,0.07364904832660102
2010-08-06,0.7427010683200098,0.852312255996523
2010-06-04,0.12026024733705244,0.11350790118736143
2010-11-05,0.08701747257621588,0.09401148762638911
2010-11-05,0.006201446749203627,0.00984314139444109
2010-07-02,0.0595143582620083,0.053321522359468077
2010-09-03,0.1131505302538989,0.10362210884731837
2010-04-02,0.08941348609295365,0.08050912787130926
2010-08-06,0.013263847599043446,0.017983370131346987
2010-05-07,0.023227236915199036,0.03646717092668439
2010-06-04,0.12379567602111954,0.12540441398253677
2010-11-05,0.46246121327278733,0.46789065997728585
2010-03-05,0.2248032500413262,0.18839254181867204
2010-10-01,0.1801731693601013,0.2002966950772418
2010-05-07,0.08528962467757005,0.10349187575752694
2010-03-05,0.24304124183568457,0.2750084962472812
2010-05-07,0.40763357825692226,0.4685722186404888
2010-05-07,0.9271346114622467,0.9227815854878827
2010-11-05,0.005102502062283062,0.05337100089944613
2010-07-02,0.1418567856411541,0.1441294942098068
2010-02-05,0.48463893586395307,0.3914637043866094
2010-08-06,0.07297935018905351,0.07765312621171461
2010-09-03,0.00013117670639955074,-0.00039422163608549
2010-06-04,0.06639242714759826,0.05594251376513171
2010-08-06,0.3763833202827779,0.36212856953413564
2010-08-06,0.16321191048251885,0.15913538147508177
2010-10-01,0.09840940944709874,0.14421278120462944
2010-08-06,0.21197330236905332,0.2575291383949576
2011-01-07,0.5529762615464193,0.5854416417110144
2010-12-03,0.7174075214287167,0.3711674387777464
2010-06-04,0.07917968953705193,0.09189567952206801
2011-01-07,0.5891114675824404,0.5952377122718957
2010-03-05,0.17877653509465155,0.3043159407258429
2010-03-05,0.0902487686201962,0.09033532800911814
2010-06-04,0.07566469743886288,0.07344329341692912
2010-11-05,0.1537668856032407,0.16994311677797214
2010-03-05,0.21601491407674045,0.29043690496578733
2010-09-03,0.38505759392322647,0.373798064126035
2010-11-05,0.009768587376874603,0.0018857511774967861
2010-10-01,0.19329778642579817,0.2276617696592922
2010-10-01,0.13662280485396094,0.2825178583624677
2010-12-03,0.9535790502242688,0.3457268274912053
2010-12-03,0.9149069893727739,0.4055638617134605
2010-09-03,0.20157983869392695,0.20355479582477187
2010-03-05,0.045034785485312534,0.03989416050681882
2010-09-03,0.02373523204988218,0.0294235261273883
2010-08-06,0.25810612648575487,0.26335450961840934
2011-01-07,0.06862877354511139,0.06737217912527171
2010-05-07,0.18386011066360916,0.15875687313257458
2011-01-07,0.1624042123125698,0.2656092103268435
2010-06-04,0.39420029827348096,0.36679624986346937
2010-03-05,0.5423447066121717,0.7156687981436534
2010-03-05,0.10307952167516378,0.10980255728065913
2010-02-05,0.04688031993022164,0.037708367692587785
2010-05-07,0.2211957396060833,0.2415739942656927
2010-02-05,0.7139034019969062,0.6762618089790635
2010-10-01,0.1342414895714015,0.13112245420037993
2011-01-07,0.06524817968410071,0.10353746386580553
2010-09-03,0.12748644289242725,0.09638544440805674
2010-09-03,0.050045675266073265,0.05529553942321286
2011-01-07,0.5547012906056337,0.5975225435686156
2010-12-03,0.07447655661850411,0.06323153249195457
2010-06-04,0.04772124013632712,0.05245278322975366
2011-01-07,0.14732583750236328,0.13475710732583934
2011-01-07,0.050372056603101165,0.05426021271344439
2010-07-02,0.365246991744626,0.346339311031727
2010-05-07,0.013772044079400263,0.03248936699021954
2010-04-02,0.16444162918449162,0.153212402381115
2010-09-03,0.0021745332756947784,0.14099750353652496
2010-08-06,0.09210346429325755,0.08510054581910254
2011-01-07,0.11643951183338724,0.13013839365979152
2010-03-19,0.00012080740420526546,0.011355671960302516
2010-02-05,0.1660458508395007,0.20020251556363178
2010-11-05,0.16566490482490678,0.19752765710231301
2010-11-05,0.21998907498374637,0.2195813238755875
2010-11-05,0.000622560823004468,0.0033062173389311056
2010-10-01,0.35147353824551,0.3835755137200181
2010-05-07,0.8052140677000665,0.7855064918536101
2010-07-02,0.006820886714266125,0.012983400291659564
2010-08-06,0.12732476231646586,0.11890976041543411
2010-12-03,0.016069700234547575,0.02607621353246259
2010-06-04,0.2792644359311019,0.3957628114006724
2010-11-05,0.0196319078932135,0.013921187176151761
2010-09-03,0.31294876175430875,0.43460483869118605
2010-08-06,0.10685082681594166,0.11507611482987556
2010-12-03,0.04428235670278741,0.03469401905975644
2010-05-07,0.05817883240851909,0.07589487215228985
2010-03-05,0.21974766152100952,0.23847264361894815
2010-10-01,0.012986795952066038,0.016142289931494247
2010-05-14,5.033641841886061e-06,0.12103321249756505
2010-11-05,0.2337423939154948,0.19160018102330412
2010-12-03,0.4832200529015623,0.624333151197149
2010-06-04,0.026275610414645236,0.04466428559747726
2011-01-07,0.14045632580790454,0.23263517352060603
2010-12-03,0.1612455686334045,0.11070042143788328
2010-05-07,0.21782762917684048,0.23413995648549246
2010-06-04,0.07025534456989846,0.0641784838587256
2010-02-05,0.25791374069455797,0.25965658495874777
2010-10-01,0.7546488199230739,0.8952678673321799
2011-01-07,0.03759617024421015,0.03663283287868069
2010-05-07,0.26367806598621224,0.31757697627246273
2010-06-04,0.1078274540061044,0.11198423000502089
2010-04-02,0.0036222086694212095,0.01503329710355672
2011-01-07,0.014698838215328323,0.0030551861075309716
2010-05-07,0.2510993977146863,0.11871275939228099
2010-06-04,0.0064027924228790695,0.015088817717284542
2010-05-07,0.5846880038046278,0.5927988708579335
2010-02-05,0.6773991293410377,0.6896129854447679
2010-05-07,0.30906943465960396,0.294005730145642
2010-09-03,0.1482679339094907,0.13364338021624178
2011-01-07,2.1745332756947786e-05,-0.021714247324482017
2010-11-05,0.9111815910455939,0.948249727577263
2010-10-01,0.050778774863925555,0.036590083220858105
2010-11-05,0.09351036718806471,0.07123742849658754
2010-09-03,0.009222940601214154,0.02921135757145521
2010-06-04,0.35937353709783965,0.31606631506292615
2010-05-07,0.007671270167034357,0.020869157495368995
2010-10-01,0.09814906949103638,0.08228296077832908
2010-10-01,0.03904334227375239,0.05316960114527092
2010-06-04,0.008330878593995106,0.023088835637992133
2010-03-05,0.011223108523505998,0.022000496753136645
2010-02-05,0.03531643385401995,0.03517183927772294
2010-03-05,0.42064916664032387,0.38830672446772496
2010-09-03,0.23074747769240941,0.19850261593032315
2010-06-25,0.00022792330260060085,0.006198703038222675
2010-12-03,0.7292222842143179,0.4314401587508314
2010-06-04,0.3881392901316659,0.39468161355810594
2010-02-05,0.2222980064966195,0.24339495075015805
2010-07-02,0.08704314414960948,0.08050048266079557
2010-10-01,0.0036322759531049816,0.006328170666321853
2010-10-01,0.3819944215167651,0.3714498108596871
2010-02-05,0.32446231141209153,0.24654276569482647
2010-08-13,2.979915970396548e-05,0.004596912525187236
2010-06-04,0.008449169177279428,0.021158160889456212
2010-05-07,0.024314100861699075,0.043818823448205535
2010-06-04,0.5954166073535869,0.41435204488837485
2010-09-03,0.10018215743097417,0.11015177637193574
2010-02-05,0.5249534740484554,0.5349431842414134
2010-03-05,0.08899478776454556,0.06455039305130583
2010-11-05,0.1255287589072809,0.1399442327517022
2010-08-06,0.6394258386500337,0.7067122436266686
2010-07-02,0.33146169106607093,0.321383004032171
2010-12-03,0.01955066491388546,0.013566459568380651
2010-06-04,0.1793581220730631,0.13806428197507614
2010-08-06,0.051863524680852,0.0557911218719056
2010-02-05,0.6097692316830303,0.5284763952839739
2010-07-02,0.1306908592889719,0.17888181956668348
2010-07-02,0.0640474547591372,0.06729485314085082
2010-04-02,0.26142873279274703,0.2840549622342792
2010-08-13,0.00020134567367544243,0.12865547893784424
2010-02-05,0.04334589797452292,0.044524836167937565
2011-01-07,0.8509479253643802,0.7886321423137019
2010-11-05,0.08443873786061765,0.10574746687009906
2010-04-02,0.19652847843275748,0.13858456013274179
2011-01-07,0.692255017181833,0.7084226300947591
2010-10-01,0.09058521724090787,0.06476447103158023
2010-05-07,0.11826974400709703,0.1290174990536599
2010-08-06,0.13453434685376242,0.10107616613387904
2010-06-04,0.09274072335044033,0.10883099130714413
2010-11-05,0.056277726557675566,0.07725319790429808
2010-05-07,0.41045312239823634,0.39246767519827586
2010-05-07,0.15459864458119393,0.16866631744977667
2010-02-05,0.12534573568990992,0.09861615052838602
2010-12-03,0.17104737804643552,0.2092220731013299
2010-06-04,0.025684660862407817,0.03952183800726061
2010-07-02,0.20248075991078773,0.211739988565526
2010-06-04,0.22968205706015582,0.22484276998918062
2010-04-02,0.09636635489631401,0.11089949443159242
2010-12-03,0.34890054188161157,0.1828911367318682
2010-03-05,0.02178560189168287,0.027121662527420654
2010-08-06,0.08640256288881107,0.09247218120134448
2010-04-02,0.00035316031162672604,0.010861564321317019
2010-11-05,0.32615582987337566,0.32394730603071764
2010-10-01,0.07724556299572563,0.14488859869584303
2010-07-02,0.09331234371800491,0.09733718426784321
2010-12-03,0.737700849859954,0.7686408165359921
2010-03-05,0.2550455715730513,0.24488046001579278
2010-03-05,0.005335660352399224,0.020493764076519483
2010-09-03,0.9851182392401374,0.9572281522649746
2010-06-04,0.06065014920721147,0.07383551780557696
2011-01-07,0.25286892416778295,0.2528713729015095
2010-03-05,0.0818983594958546,0.10902278302688728
2010-06-04,0.004771590447597473,0.014988490916522323
2010-08-06,0.03973556869984857,0.033206599725176034
2010-05-07,0.09087757115908462,0.10720648769328989
2010-02-05,0.4421732205019024,0.44952679771894566
2010-08-06,0.311826964333426,0.3248474764900635
2010-03-05,0.12963782141564933,0.14889784579099796
2010-05-07,0.0914246273544608,0.09046877480253102
2010-05-07,0.30107218584688905,0.2844003214358395
2011-01-07,0.12687707021104852,0.11411185811084579
2010-04-02,0.30169555205258825,0.2515677582131559
2010-11-05,0.38484175136104637,0.37179603221402147
2010-12-03,0.09610259206379919,0.07331661019107116
2010-11-05,0.30640794687212514,0.27355553487363693
2010-11-05,0.03051403751835014,0.03607678200613407
2010-05-07,0.10400581244690765,0.12162668914845653
2010-11-05,0.07464306949063369,0.2812957153815745
2010-05-07,0.16925650895192929,0.19472866281516588
2010-06-04,0.21077147004288457,0.1679644368184654
2010-12-03,0.37994079631811245,0.27877349754928105
2010-12-03,0.1942963602943915,0.29148143130899484
2010-09-10,0.009040420748027366,0.0016452099393688968
2010-02-05,0.08218718986474201,0.10165475280275871
2010-03-05,0.1560701794372509,0.250340513362616
2010-09-03,0.5333381119373218,0.4003189370357916
2010-03-05,0.3819124738275792,0.37669966564361346
2010-05-07,0.17531107403218668,0.24471695972182772
2010-09-03,0.240320055055961,0.2137009284811313
2010-09-03,0.025740332941179073,0.026794244130300626
2010-10-01,0.0445980667191105,0.05311729105298468
2010-03-05,0.011911710727476012,0.013440479621351642
2010-11-05,0.2878669298388852,0.39694961181294275
2010-07-02,0.28959236158944685,0.2780622692037156
2010-05-07,0.05344408821920422,0.05243304634521451
2010-12-03,0.05098686561766912,0.059771355179677244
2010-12-03,0.11506210607977355,0.10593626314934568
2010-03-05,0.6749225775548299,0.6208259991367271
2010-04-02,0.00021080892033818825,0.014890864861996533
2010-06-04,0.07233262788520799,0.08428093610466192
2010-11-05,0.7468241243526987,0.7721016637287761
2010-12-03,0.06129032777666254,0.05396500016797745
2011-01-07,0.124807840722686,0.11685962812906325
2010-09-03,0.17419722976541416,0.2401023136002749
2010-08-06,0.07520160238940937,0.10078476808006087
2010-12-03,0.015503616873009067,0.010116135232067336
2011-01-07,0.04504153056538066,0.03965901285799589
2010-03-05,0.0484753803570785,0.05742215098240422
2010-08-06,0.019389185683597755,0.03387382808470818
2010-10-01,0.07741620345416557,0.0748695962855237
2010-07-02,0.036745585445768246,0.044108245804721946
2010-12-03,0.06629215700210787,0.09027141677202621
2010-05-07,0.30827854885340683,0.3096529087126214
2010-04-02,7.167905982845751e-05,0.01086965168181564
2010-10-01,0.2449676165685744,0.2497980268849176
2010-07-02,0.006063524962735948,0.01968440515733505
2010-04-02,0.2720339114437431,0.26539070823281463
2010-09-03,0.13735439435926067,0.12636409300330342
2010-05-07,0.7640675691919374,0.7064085698283549
2010-04-02,0.19405333606626526,0.2349471615821841
2010-02-05,0.07687840915977846,0.08548820321485096
2010-05-07,0.38288980572759984,0.3875701116289747
2010-04-02,0.02236175253690515,0.03048980831067638
2011-01-07,0.03368251371214374,0.0322642183549533
2010-06-04,0.04845756126495822,0.04836946214373938
2010-12-03,0.5554833172021891,0.5819231182558724
2010-10-01,0.0344862856414561,0.04964349741243268
2010-04-02,0.006229534470681351,0.01720227487186321
2010-08-06,0.6876166168973719,0.613437460160597
2010-10-01,0.420466747459974,0.41538980370255274
2011-01-07,0.13295901830292578,0.28156284621381644
2010-08-06,0.14587121568289504,0.1504270479410792
2011-01-07,0.3671774940638261,0.3493841550952368
2011-01-07,0.1366367983782814,0.10654020552071586
2010-12-03,0.3698460289498836,0.4452830904856171
2010-07-02,0.016157990312454254,0.03300088669206502
2010-08-06,0.049156532771122516,0.05125685414856207
2010-10-01,0.08628940662020548,0.09559791140306118
2010-08-06,0.3768862817756191,0.33997271570375176
2011-01-07,0.1825708943150653,0.1332986259948825
2011-01-07,0.031328984132551495,0.01227289739856019
2010-02-05,0.08476501852480871,0.08157242905019757
2010-08-06,0.3684341930860714,0.37691641237263696
2010-05-07,0.0008069934600911733,0.016858883867584495
2010-11-05,0.14084200344582984,0.12826117267914583
2010-09-03,0.02528901661363557,0.026771639249105306
2010-02-05,0.07689814103579865,0.0896323211140242
2010-11-05,0.5223517859260581,0.39961990059444474
2011-03-04,0.00281682597471944,-0.011886689857746546
2010-10-01,0.06938190703749438,0.2651400020774446
2010-07-02,0.05283310477243609,0.0699522551744991
2010-08-06,0.05284911175349329,0.05995748966458336
2010-02-05,0.014824075224354449,0.020149620636189525
2010-11-05,0.38142813680955295,0.39447927383983483
2010-02-05,0.2555741039664493,0.287387327067691
2010-08-13,0.00024463499351566256,0.009514001086188273
2010-03-05,0.3314719596954284,0.2664388962974442
2011-01-07,0.03975368981047936,0.049361307442069347
2010-12-03,0.060134704282602335,0.04557813075892625
2011-01-07,0.05636732538246114,0.04190636269215986
2010-06-04,0.1563562916395437,0.1392516551989189
2010-02-05,0.01973187602019336,0.01653584880725134
2010-10-01,0.14230155823430313,0.13294901331654785
2011-01-07,0.00011516972534235307,-0.024975701805985295
2010-07-02,0.02817872972222552,0.03488481930052956
2010-02-05,0.3745696991271463,0.3809064140786802
2010-06-04,0.004751153861719415,0.014061373586585546
2010-02-05,0.33803009030554804,0.32713721869747303
2010-12-03,0.054566489677107984,0.0685058484924923
2010-12-03,0.23197357217225603,0.2121007569357971
2010-10-01,0.17709117113315126,0.2230796769690926
2010-05-07,0.3901146925360957,0.4119636889233078
2010-12-03,5.959831940793096e-05,0.002564831590817107
2010-09-03,0.15852347579814932,0.178940327385817
2010-11-05,0.5734452640779384,0.5555233932135337
2010-11-05,0.13195973972447456,0.12432437851791178
2010-02-05,0.052916663227011405,0.1301399636133027
2010-07-02,0.1603139422013082,0.14874948568331092
2010-06-04,0.016560681659805142,0.024836703167537166
2010-08-27,0.00011547174385286624,-8.043558096915149e-05
2010-03-05,0.44723253391718204,0.46237135187865874
2010-05-07,0.03342177106473404,0.040069202696003
2010-06-04,0.450382788327508,0.3645092199591602
2010-06-04,0.03787533602076115,0.05028235280488502
2010-12-03,0.3497397506494908,0.17410347803260606
2010-04-02,0.008657863968044025,0.03856352777832228
2012-06-22,0.0001812111063078982,-0.05656238554642812
2010-08-06,0.025052435447066927,0.02418840883434825
2010-08-06,0.19384897020748468,0.29059446121560484
2010-03-05,0.7860721345037422,0.7795884796239534
2010-04-02,0.12834095393150582,0.10386119783737513
2010-09-03,0.3241697561482411,0.32201171234710557
2010-08-06,0.1514407390352683,0.17742047168196962
2011-11-25,0.02416148084105309,-0.027609430287242276
2010-08-06,0.09415437132531561,0.08201162276112939
2011-01-07,0.046255141613459394,0.05601984894312295
2010-07-02,0.02761455914458693,0.040810376882589594
2010-10-01,0.209216578077926,0.22335087047359536
2010-04-02,0.6296539290695433,0.26468830596027715
2010-10-01,0.5438996992499672,0.29763836693804535
2010-05-07,0.17027954631987424,0.19857275560582366
2011-01-07,0.5167718932714906,0.5415298988425974
2010-03-05,0.01428507285592529,0.02172735331113529
2010-07-02,0.48214436363995117,0.459009463124346
2010-08-06,0.11129774736473746,0.12657272300724287
2011-01-07,0.10751375744651806,0.09294097903489273
2010-09-03,0.3764847985023103,0.4087285416538151
2010-07-02,0.5334457311999014,0.6238103183516017
2010-10-01,0.5882358152476259,0.6384527910593079
2010-05-07,0.16666347869350012,0.17903462115577895
2010-06-04,0.4127071872150329,0.33416445067229006
2010-09-03,0.29638959018705613,0.25459016704982673
2010-02-05,0.24967165554265375,0.2536349341241504
2010-12-03,0.20365118231186308,0.17910466318365081
2010-12-03,0.8711380641378589,0.15523712917385524
2010-03-05,0.003785298665098318,0.011693798902797425
2010-04-02,0.056337828241267686,0.06764277087982862
2010-02-05,0.04627900107578993,0.058429186738905514
2010-11-05,0.20182558108864784,0.18446102482997162
2010-12-03,0.41836963159580737,0.443102760207168
2010-05-07,0.18022622394511476,0.08205791775336024
2010-02-05,0.08385715088220613,0.0868353542451814
2010-03-05,0.12944332149487886,0.21624954200375157
2011-01-07,0.08799973744524152,0.07527843468419348
2010-06-04,0.11726633784233546,0.10760219618904898
2010-07-02,0.13640394210667575,0.13787596137049718
2011-01-07,0.0663431981303846,0.054546662235040344
2010-09-03,0.10186329313332727,0.10044640042987396
2010-12-03,0.05215124764853421,0.00980538085804028
2010-07-02,0.3424804337307964,0.31594214486932515
2010-03-05,0.2113142979791136,0.23259267024110386
2010-12-03,0.014111814903727572,0.0028138376120097064
2010-09-03,0.06654716129781783,0.05748608676127276
2010-08-06,0.1564800185560173,0.13642244831208927
2010-09-03,0.1755899377902272,0.23423322582746664
2010-03-05,0.29116950225134663,0.4006689603141069
2010-07-02,0.2043346502011544,0.22764417256043146
2010-11-05,0.004776422743765683,0.003459105100162674
2010-07-02,0.09509213880045898,0.08352305695316886
2010-04-02,0.06018745684910531,0.06023520532697546
2010-05-07,0.0029295795519776874,0.014627826162339375
2010-02-05,0.05637537920940815,0.07131387702602865
2010-12-03,0.9176977410827524,0.9283874233204301
2010-07-02,0.1309171718261831,0.14800708143654617
2011-01-07,0.24891077024183428,0.2321354901332029
2010-03-05,0.43220630763645745,0.40154619516873424
2010-12-03,0.021322506842229354,0.01588634847099968
2010-05-07,0.25052083092137994,0.06677582902428014
2010-02-05,0.21304436068016983,0.23303109222237595
2010-08-06,0.10411524382055026,0.11820671108412739
2011-01-07,0.3821170410320335,0.4371820439294254
2010-07-02,0.5071072002622325,0.29696543127245434
2010-02-05,0.06137479228676939,0.04883476008735954
2010-07-02,0.08945808415967275,0.08394838138784166
2010-08-06,0.7185128085043581,0.6744559526787697
2010-02-05,0.08357053531572914,0.07638271888021109
2010-12-03,0.3133213519234451,0.22247821754407937
2010-08-06,0.04964680948652222,0.07796601836093942
2011-01-07,0.24621545638117795,0.32894977185011953
2010-06-04,0.4151889739887564,0.4522966957256642
2010-05-07,0.37139437718044777,0.38585991397155794
2010-02-05,0.012197923602605654,0.03887852752825438
2010-10-01,0.11909264377540855,0.18738105922857073
2010-11-05,0.08371459814524392,0.25690235593323507
2010-05-07,0.05542744377774417,0.057877033384897913
2010-10-01,0.5157842927421126,0.5496557433286995
2010-04-02,0.12114465820867183,0.11407520284903683
2010-11-05,0.11132382162947844,0.1893914489712074
2011-01-07,0.0253760986175002,0.024104466835595417
2010-08-06,0.1882612250716438,0.20705158560620873
2010-09-03,0.0005033641841886061,0.15482627858840203
2010-08-06,0.24204538613368587,0.240716207666253
2010-05-07,0.0001205053856947523,0.016784069530203283
2011-01-07,0.22852421876368517,0.21923459881806195
2010-08-06,0.047320058881528806,0.04870520737944162
2010-09-03,0.13225340238953018,0.15618862551858115
2010-12-03,0.027407978483395927,0.04002826796568115
2010-04-02,0.0003012131278184619,0.009827676786116513
2010-02-05,0.2985973454989074,0.3028156895061187
2010-06-04,0.4499505998389637,0.4354121012986951
2010-07-02,0.4334428720913352,0.44322602182137416
2010-05-07,0.7924711013588215,0.711194213151785
2010-07-02,0.37592143330736644,0.3488228686280621
2011-01-07,0.09860541946042177,0.09009774061412656
2010-03-05,1.0067283683772121e-07,0.008651464668474773
2010-03-05,0.012508901995597375,0.01736837805785285
2010-02-05,0.8992058523938893,0.7954648936630377
2010-05-07,0.7724953957278071,0.785832795726833
2010-08-06,0.03813527328547615,0.043625888638899823
2010-09-03,0.2099929669956185,0.19608723493836067
2010-05-07,0.29155286441402467,0.28936507363721375
2010-10-01,0.3459124714114311,0.3095356787291337
2010-02-05,0.011904562956060533,0.034746627990472234
2010-05-07,0.03877223032414841,0.052261239643002
2010-04-16,0.00012080740420526546,0.009789267976003657
2010-07-02,0.11763490109799836,0.12151606395092074
2010-08-06,0.29480338896984104,0.2763596140569291
2010-05-07,0.04128593038714947,0.04810785816401619
2010-10-01,0.09640058366083884,0.09195180379319368
2010-11-05,0.37569975172064973,0.4564803852206012
2010-11-05,0.8317770990638835,0.7806064450022348
2010-04-02,0.40381596361119904,0.360800903724126
2011-01-07,0.02410107713895046,0.01679284119823876
2010-09-03,0.6022504808638051,0.5633226208086342
2010-06-04,0.000348831379642704,0.008808167772286879
2010-09-03,0.0936432553326905,0.11175345575050244
2010-02-05,0.48828067506372086,0.38433126752279634
2010-11-05,0.4455341831597297,0.442510029617452
2010-11-05,0.22522214971540794,0.20972836614235746
2010-08-06,0.05049578351957472,0.03992126834583587
2011-01-07,0.16289328095392747,0.16219930148758976
2010-02-05,0.4704418510674239,0.4007938482187967
2010-03-05,0.04009758822111701,0.045886057346038456
2010-02-05,0.22694979626838008,0.23351146727517857
2010-03-05,0.08970221578900422,0.12191538283649095
2010-11-05,0.04338707316478955,0.03539707434968875
2010-12-03,0.23319644512132384,0.2855210278866025
2010-10-01,0.08002906626145179,0.0666018943293949
2010-03-05,0.2840694497605295,0.2884614574806079
2010-12-03,0.03834084721829877,0.016419483148524705
2010-04-02,0.29848831681661214,0.30820456490302206
2011-01-07,0.041670601296706404,0.26666947016208553
2010-02-05,0.00029517275760819863,0.010014958133993446
2010-05-07,0.16321221250102935,0.1662423126803958
2010-07-02,0.5582138665557386,0.5897450968636235
2010-11-05,0.04920576178833616,0.0412990299347058
2010-12-03,0.18189658765392624,0.17821513305008807
2010-06-04,0.10339432563595534,0.10419498656830228
2010-07-02,0.4290404489364217,0.3326906949401831
2010-11-05,0.07209936892225499,0.07480605500883541
2010-12-03,0.016276482241412253,0.01260574762382305
2010-07-02,0.16160346056836258,0.15615058788316105
2010-08-06,0.3354203483562038,0.43738390678703354
2010-09-03,0.3348921179813163,0.31545706590497957
2010-07-02,0.037330494627795405,0.04900273609109718
2010-06-04,0.1594691964274029,0.1098872507034514
2010-12-03,0.15451558949080282,0.11822907061110755
2010-05-07,0.8288303044568065,0.8268180988474256
2010-06-04,0.006281985018673804,0.017151828772711042
2011-01-07,0.14442263423363708,0.09939763627630782
2010-04-02,0.9027008105975476,0.8517336888957772
2011-01-07,0.012259434705913501,-0.001672897517067895
2010-06-04,0.018815753204970094,0.03472505712490204
2010-12-03,0.015066294069786006,0.010211820661979232
2010-11-05,0.1981877681295168,0.17853386956763018
2010-03-05,0.18723848972220938,0.19072972151109013
2010-12-03,0.10091123011535294,0.08797476609265686
2010-11-05,0.31183753498129396,0.28239564298033315
2010-08-06,0.2924793565314422,0.3691460758115426
2010-03-05,0.3277516956829272,0.33487733419423193
2010-11-05,0.02861484445140653,0.032726923484162285
2010-11-05,0.2945994258024078,0.3131084701088014
2010-08-06,0.35265040370814293,0.33089872791867947
2010-05-07,0.07875857506055974,0.0895346308225271
2010-09-03,0.11565154553945842,0.09111637388386384
